{"cameraMode":{"drawMode":0,"name":"Shaded","section":"Shading Mode"},"sceneLighting":true,"audioPlay":false,"sceneViewState":{"m_AlwaysRefresh":false,"showFog":true,"showSkybox":true,"showFlares":true,"showImageEffects":true,"showParticleSystems":true,"showVisualEffectGraphs":true,"m_FxEnabled":true},"in2DMode":false,"pivot":{"x":-0.7207528352737427,"y":0.8398494720458984,"z":7.913997650146484},"rotation":{"x":-0.17744822800159455,"y":0.03452572599053383,"z":-0.00623358367010951,"w":-0.9835235476493836},"size":8.223711013793946,"orthographic":false}