{"cameraMode":{"drawMode":0,"name":"Shaded","section":"Shading Mode"},"sceneLighting":true,"audioPlay":false,"sceneViewState":{"m_AlwaysRefresh":false,"showFog":true,"showSkybox":true,"showFlares":true,"showImageEffects":true,"showParticleSystems":true,"showVisualEffectGraphs":true,"m_FxEnabled":true},"in2DMode":false,"pivot":{"x":0.18770653009414674,"y":3.6322579383850099,"z":2.0492138862609865},"rotation":{"x":0.309757262468338,"y":-0.018539343029260637,"z":0.006041049491614103,"w":0.9506140351295471},"size":5.419544219970703,"orthographic":false}