{"cameraMode":{"drawMode":0,"name":"Shaded","section":"Shading Mode"},"sceneLighting":true,"audioPlay":false,"sceneViewState":{"m_AlwaysRefresh":false,"showFog":true,"showSkybox":true,"showFlares":true,"showImageEffects":true,"showParticleSystems":true,"showVisualEffectGraphs":true,"m_FxEnabled":true},"in2DMode":false,"pivot":{"x":3.8172268867492677,"y":5.572358131408691,"z":3.6062636375427248},"rotation":{"x":0.309757262468338,"y":-0.018539343029260637,"z":0.006041049491614103,"w":0.9506140351295471},"size":1.7141430377960206,"orthographic":false}