{"cameraMode":{"drawMode":0,"name":"Shaded","section":"Shading Mode"},"sceneLighting":true,"audioPlay":false,"sceneViewState":{"m_AlwaysRefresh":false,"showFog":true,"showSkybox":true,"showFlares":true,"showImageEffects":true,"showParticleSystems":true,"showVisualEffectGraphs":true,"m_FxEnabled":true},"in2DMode":false,"pivot":{"x":-0.2770957052707672,"y":2.699209213256836,"z":1.3502283096313477},"rotation":{"x":0.309757262468338,"y":-0.018539343029260637,"z":0.006041049491614103,"w":0.9506140351295471},"size":5.198173999786377,"orthographic":false}