{"cameraMode":{"drawMode":0,"name":"Shaded","section":"Shading Mode"},"sceneLighting":false,"audioPlay":false,"sceneViewState":{"m_AlwaysRefresh":false,"showFog":true,"showSkybox":false,"showFlares":true,"showImageEffects":true,"showParticleSystems":true,"showVisualEffectGraphs":true,"m_FxEnabled":true},"in2DMode":false,"pivot":{"x":-0.28678596019744875,"y":0.3972001075744629,"z":4.719748497009277},"rotation":{"x":0.3797231912612915,"y":-0.07619033753871918,"z":0.031398408114910129,"w":0.9214227199554443},"size":3.5047998428344728,"orthographic":false}